{
    "total_return": [
        1473142.5908159083,
        1329352.2794025955,
        1395420.5587233538,
        1395397.3481278054,
        1349352.3240924461
    ],
    "sharpe_ratio": [
        0.47880377716190936,
        0.4612216081429473,
        0.459153394172487,
        0.45858482968152,
        0.4617543786155914
    ]
}