{
    "total_return": [
        1775581.9505027512,
        1224407.4029234848,
        1006554.0505148448,
        794896.7432391249,
        963355.6899732117
    ],
    "sharpe_ratio": [
        0.43565444984109225,
        0.4015333161393306,
        0.3743311441100793,
        0.31682492674371754,
        0.3744132029897028
    ]
}