{
    "total_return": [
        1666705.246283947,
        1593150.169998363,
        1454209.9608099442,
        1221513.7329790047,
        1213200.6760932577
    ],
    "sharpe_ratio": [
        0.30596619264151853,
        0.29921968836272816,
        0.27840341602284935,
        0.261787701301257,
        0.2717038024025859
    ]
}